,mean_fit_time,std_fit_time,mean_score_time,std_score_time,param_class_weight,params,split0_test_precision,split1_test_precision,split2_test_precision,split3_test_precision,split4_test_precision,split5_test_precision,split6_test_precision,split7_test_precision,split8_test_precision,split9_test_precision,mean_test_precision,std_test_precision,rank_test_precision,split0_train_precision,split1_train_precision,split2_train_precision,split3_train_precision,split4_train_precision,split5_train_precision,split6_train_precision,split7_train_precision,split8_train_precision,split9_train_precision,mean_train_precision,std_train_precision,split0_test_recall_score,split1_test_recall_score,split2_test_recall_score,split3_test_recall_score,split4_test_recall_score,split5_test_recall_score,split6_test_recall_score,split7_test_recall_score,split8_test_recall_score,split9_test_recall_score,mean_test_recall_score,std_test_recall_score,rank_test_recall_score,split0_train_recall_score,split1_train_recall_score,split2_train_recall_score,split3_train_recall_score,split4_train_recall_score,split5_train_recall_score,split6_train_recall_score,split7_train_recall_score,split8_train_recall_score,split9_train_recall_score,mean_train_recall_score,std_train_recall_score
0,6.180562520027161,0.6486888584785214,0.02860565185546875,0.005998093939019402,"{0: 1, 1: 1.0}","{'class_weight': {0: 1, 1: 1.0}}",1.0,0.4634146341463415,0.5833333333333334,1.0,1.0,0.9444444444444444,1.0,0.8181818181818182,0.0,1.0,0.7809374230105938,0.31902901287810426,29,0.8043478260869565,0.9172413793103448,0.8409090909090909,0.7578125,0.7593984962406015,0.7481481481481481,0.7388059701492538,0.7659574468085106,0.7619047619047619,0.7535211267605634,0.784804674631823,0.05268874504805176,0.3684210526315789,1.0,0.7368421052631579,0.47368421052631576,0.35,0.85,0.9,0.45,0.0,0.4,0.5528947368421052,0.293874325373234,30,0.6271186440677966,0.751412429378531,0.6271186440677966,0.5480225988700564,0.5738636363636364,0.5738636363636364,0.5625,0.6136363636363636,0.6363636363636364,0.6079545454545454,0.6121854134566,0.054733336244069154
1,5.174531388282776,0.5342639099746187,0.02879912853240967,0.005228285484248131,"{0: 1, 1: 1.6551724137931034}","{'class_weight': {0: 1, 1: 1.6551724137931034}}",1.0,0.4634146341463415,0.5833333333333334,1.0,1.0,0.9444444444444444,1.0,0.8333333333333334,1.0,1.0,0.8824525745257453,0.18820871157680907,1,0.7682119205298014,0.9230769230769231,0.8287671232876712,0.7655172413793103,0.7763157894736842,0.7702702702702703,0.7602739726027398,0.7857142857142857,0.7784810126582279,0.7756410256410257,0.7932269564633939,0.0469038823754013,0.42105263157894735,1.0,0.7368421052631579,0.7894736842105263,0.35,0.85,0.95,0.5,0.25,0.5,0.6347368421052632,0.24991632948879583,29,0.655367231638418,0.8135593220338984,0.6836158192090396,0.6271186440677966,0.6704545454545454,0.6477272727272727,0.6306818181818182,0.6875,0.6988636363636364,0.6875,0.6802388289676425,0.05028625239878473
2,4.9652503490447994,0.5183091318681607,0.03289217948913574,0.00834579335680402,"{0: 1, 1: 2.310344827586207}","{'class_weight': {0: 1, 1: 2.310344827586207}}",1.0,0.4634146341463415,0.5833333333333334,1.0,1.0,0.9444444444444444,1.0,0.8333333333333334,1.0,1.0,0.8824525745257453,0.18820871157680907,1,0.7784810126582279,0.9197530864197531,0.8397435897435898,0.7756410256410257,0.7861635220125787,0.7834394904458599,0.7756410256410257,0.7924528301886793,0.7891566265060241,0.7852760736196319,0.8025748282876396,0.04284959093649254,0.42105263157894735,1.0,0.7368421052631579,0.8421052631578947,0.4,0.85,0.95,0.5,0.25,0.55,0.65,0.24583793053278546,28,0.6949152542372882,0.8418079096045198,0.7401129943502824,0.6836158192090396,0.7102272727272727,0.6988636363636364,0.6875,0.7159090909090909,0.7443181818181818,0.7272727272727273,0.7244542886492039,0.043881487810116096
3,5.465050387382507,0.5454910433713897,0.029979705810546875,0.00611691117586736,"{0: 1, 1: 2.9655172413793105}","{'class_weight': {0: 1, 1: 2.9655172413793105}}",1.0,0.4523809523809524,0.5833333333333334,1.0,1.0,0.9444444444444444,1.0,0.8333333333333334,1.0,1.0,0.8813492063492063,0.1906782162748372,3,0.7763975155279503,0.9197530864197531,0.8475609756097561,0.78125,0.793939393939394,0.7914110429447853,0.782608695652174,0.8012048192771084,0.7953216374269005,0.7878787878787878,0.8077325954676609,0.04182915083978789,0.631578947368421,1.0,0.7368421052631579,0.8421052631578947,0.4,0.85,0.95,0.5,0.25,0.65,0.6810526315789474,0.23079052391287175,27,0.7062146892655368,0.8418079096045198,0.7853107344632768,0.7062146892655368,0.7443181818181818,0.7329545454545454,0.7159090909090909,0.7556818181818182,0.7727272727272727,0.7386363636363636,0.7499775295326143,0.03958889608631281
4,4.59574601650238,1.2561228817311887,0.04926502704620361,0.02731269768498508,"{0: 1, 1: 3.6206896551724137}","{'class_weight': {0: 1, 1: 3.6206896551724137}}",1.0,0.4523809523809524,0.5833333333333334,1.0,1.0,0.9444444444444444,1.0,0.8333333333333334,1.0,0.9285714285714286,0.8742063492063492,0.18740959019579148,6,0.7904191616766467,0.9207317073170732,0.8488372093023255,0.7891566265060241,0.7916666666666666,0.793939393939394,0.7852760736196319,0.8058823529411765,0.7976878612716763,0.7928994082840237,0.8116496461524638,0.04028248091134393,0.7894736842105263,1.0,0.7368421052631579,0.8947368421052632,0.45,0.85,0.95,0.5,0.3,0.65,0.7121052631578947,0.22041323567298265,26,0.7457627118644068,0.8531073446327684,0.8248587570621468,0.7401129943502824,0.7556818181818182,0.7443181818181818,0.7272727272727273,0.7784090909090909,0.7840909090909091,0.7613636363636364,0.7714978171545969,0.0379586589529974
5,5.32170341014862,0.5576848384956896,0.03168501853942871,0.016513774324899127,"{0: 1, 1: 4.275862068965517}","{'class_weight': {0: 1, 1: 4.275862068965517}}",1.0,0.4523809523809524,0.5833333333333334,1.0,1.0,0.9444444444444444,1.0,0.8333333333333334,1.0,0.9333333333333333,0.8746825396825397,0.18755311668896096,5,0.7941176470588235,0.9207317073170732,0.8465909090909091,0.7953216374269005,0.7965116279069767,0.8034682080924855,0.7953216374269005,0.8081395348837209,0.8,0.7953216374269005,0.815552454663069,0.03810351957722642,0.8947368421052632,1.0,0.7368421052631579,0.8947368421052632,0.45,0.85,0.95,0.5,0.35,0.7,0.7326315789473684,0.21599861495400813,25,0.7627118644067796,0.8531073446327684,0.8418079096045198,0.768361581920904,0.7784090909090909,0.7897727272727273,0.7727272727272727,0.7897727272727273,0.7954545454545454,0.7727272727272727,0.7924852336928608,0.02928923833177998
6,4.064458274841309,0.5883619198947302,0.020446252822875977,0.00418838441390371,"{0: 1, 1: 4.931034482758621}","{'class_weight': {0: 1, 1: 4.931034482758621}}",1.0,0.4523809523809524,0.5833333333333334,1.0,1.0,0.9444444444444444,1.0,0.8461538461538461,1.0,0.9411764705882353,0.8767489046900812,0.1875645685875012,4,0.8022598870056498,0.9207317073170732,0.847457627118644,0.8022598870056498,0.7988505747126436,0.8135593220338984,0.8011363636363636,0.8103448275862069,0.8044692737430168,0.7988505747126436,0.819992004487179,0.03627197544485861,0.8947368421052632,1.0,0.7368421052631579,0.8947368421052632,0.45,0.85,0.95,0.55,0.35,0.8,0.7476315789473683,0.21142718437710134,24,0.8022598870056498,0.8531073446327684,0.847457627118644,0.8022598870056498,0.7897727272727273,0.8181818181818182,0.8011363636363636,0.8011363636363636,0.8181818181818182,0.7897727272727273,0.8123266563944529,0.021062525750395952
7,4.540066766738891,0.5762158466338951,0.03820598125457764,0.018998874780846838,"{0: 1, 1: 5.586206896551724}","{'class_weight': {0: 1, 1: 5.586206896551724}}",1.0,0.4523809523809524,0.5833333333333334,1.0,1.0,0.8947368421052632,1.0,0.8571428571428571,1.0,0.9411764705882353,0.8728770455550642,0.18623747749740024,7,0.8044692737430168,0.9107142857142857,0.847457627118644,0.8044692737430168,0.8021978021978022,0.8111111111111111,0.7988826815642458,0.8114285714285714,0.8076923076923077,0.8044692737430168,0.8202892208056017,0.032821634960775836,0.8947368421052632,1.0,0.7368421052631579,0.9473684210526315,0.45,0.85,1.0,0.6,0.35,0.8,0.7628947368421053,0.21642861060937557,23,0.8135593220338984,0.864406779661017,0.847457627118644,0.8135593220338984,0.8295454545454546,0.8295454545454546,0.8125,0.8068181818181818,0.8352272727272727,0.8181818181818182,0.8270801232665639,0.01719006670391119
8,5.03074893951416,0.6559480737077875,0.040024304389953615,0.02108562317391295,"{0: 1, 1: 6.241379310344827}","{'class_weight': {0: 1, 1: 6.241379310344827}}",0.9444444444444444,0.4523809523809524,0.5833333333333334,0.9473684210526315,1.0,0.8947368421052632,1.0,0.875,1.0,0.9411764705882353,0.8638440463904861,0.18003759003917796,8,0.8111111111111111,0.9053254437869822,0.8379888268156425,0.8066298342541437,0.8054054054054054,0.8121546961325967,0.8011049723756906,0.8111111111111111,0.8074866310160428,0.8066298342541437,0.820494786626287,0.02984172568987762,0.8947368421052632,1.0,0.7368421052631579,0.9473684210526315,0.5,0.85,1.0,0.7,0.4,0.8,0.7828947368421052,0.19345685311360902,22,0.8248587570621468,0.864406779661017,0.847457627118644,0.8248587570621468,0.8465909090909091,0.8352272727272727,0.8238636363636364,0.8295454545454546,0.8579545454545454,0.8295454545454546,0.8384309193631229,0.013974131150412118
9,3.8282182216644287,0.8313190542359599,0.03252079486846924,0.017670081451970625,"{0: 1, 1: 6.896551724137931}","{'class_weight': {0: 1, 1: 6.896551724137931}}",0.9444444444444444,0.4523809523809524,0.5833333333333334,0.9473684210526315,1.0,0.85,1.0,0.875,1.0,0.9411764705882353,0.8593703621799597,0.17976998986493353,9,0.8097826086956522,0.8947368421052632,0.8388888888888889,0.8076923076923077,0.8054054054054054,0.8121546961325967,0.8021978021978022,0.8121546961325967,0.8085106382978723,0.8097826086956522,0.8201306494244036,0.026622373888350488,0.8947368421052632,1.0,0.7368421052631579,0.9473684210526315,0.5,0.85,1.0,0.7,0.5,0.8,0.7928947368421052,0.17512184124140082,20,0.8418079096045198,0.864406779661017,0.8531073446327684,0.8305084745762712,0.8465909090909091,0.8352272727272727,0.8295454545454546,0.8352272727272727,0.8636363636363636,0.8465909090909091,0.8446648690292757,0.012015216025059757
10,3.1105979919433593,0.3367890367402038,0.02324073314666748,0.007055252157156549,"{0: 1, 1: 7.551724137931034}","{'class_weight': {0: 1, 1: 7.551724137931034}}",0.9444444444444444,0.4523809523809524,0.5833333333333334,0.9473684210526315,1.0,0.85,1.0,0.875,1.0,0.9411764705882353,0.8593703621799597,0.17976998986493353,9,0.8097826086956522,0.8947368421052632,0.8397790055248618,0.8097826086956522,0.8064516129032258,0.8131868131868132,0.8032786885245902,0.8121546961325967,0.8042328042328042,0.8097826086956522,0.8203168288697112,0.026662182763902278,0.8947368421052632,1.0,0.7368421052631579,0.9473684210526315,0.5,0.85,1.0,0.7,0.5,0.8,0.7928947368421052,0.17512184124140082,20,0.8418079096045198,0.864406779661017,0.8587570621468926,0.8418079096045198,0.8522727272727273,0.8409090909090909,0.8352272727272727,0.8352272727272727,0.8636363636363636,0.8465909090909091,0.8480643297380585,0.010501633718927478
11,3.053740692138672,0.44508900087028375,0.02004420757293701,0.003975688353755112,"{0: 1, 1: 8.206896551724139}","{'class_weight': {0: 1, 1: 8.206896551724139}}",0.9444444444444444,0.4523809523809524,0.5833333333333334,0.9473684210526315,1.0,0.85,1.0,0.875,1.0,0.9411764705882353,0.8593703621799597,0.17976998986493353,9,0.8064516129032258,0.8895348837209303,0.8397790055248618,0.8097826086956522,0.8074866310160428,0.8142076502732241,0.8032786885245902,0.8054054054054054,0.8010471204188482,0.8021390374331551,0.8179112643915936,0.026137330818130265,0.8947368421052632,1.0,0.7368421052631579,0.9473684210526315,0.5,0.85,1.0,0.7,0.55,0.8,0.7978947368421052,0.1672235387478609,19,0.847457627118644,0.864406779661017,0.8587570621468926,0.8418079096045198,0.8579545454545454,0.8465909090909091,0.8352272727272727,0.8465909090909091,0.8693181818181818,0.8522727272727273,0.8520383923985617,0.0099968720657428
12,4.510591077804565,1.3433429280829732,0.03445932865142822,0.02198295745390501,"{0: 1, 1: 8.862068965517242}","{'class_weight': {0: 1, 1: 8.862068965517242}}",0.9444444444444444,0.4418604651162791,0.5833333333333334,0.9473684210526315,1.0,0.85,1.0,0.875,1.0,0.9411764705882353,0.8583183134534924,0.18216354161926454,12,0.8064516129032258,0.8895348837209303,0.8415300546448088,0.8097826086956522,0.8074866310160428,0.8142076502732241,0.7945945945945946,0.8064516129032258,0.8010471204188482,0.8031914893617021,0.8174278258532255,0.026797953646476424,0.8947368421052632,1.0,0.7368421052631579,0.9473684210526315,0.5,0.85,1.0,0.7,0.6,0.8,0.8028947368421052,0.16034264729926437,18,0.847457627118644,0.864406779661017,0.8700564971751412,0.8418079096045198,0.8579545454545454,0.8465909090909091,0.8352272727272727,0.8522727272727273,0.8693181818181818,0.8579545454545454,0.8543046995377503,0.01110337966406735
13,3.455775737762451,0.8055228287657791,0.02713134288787842,0.011789435241450355,"{0: 1, 1: 9.517241379310345}","{'class_weight': {0: 1, 1: 9.517241379310345}}",0.8947368421052632,0.4318181818181818,0.56,0.9473684210526315,1.0,0.85,1.0,0.875,1.0,0.9411764705882353,0.8500099915564311,0.18625149000969102,13,0.8064516129032258,0.8793103448275862,0.8369565217391305,0.8054054054054054,0.8074866310160428,0.8097826086956522,0.7945945945945946,0.8,0.8010471204188482,0.8031914893617021,0.8144226328962187,0.024163781090221003,0.8947368421052632,1.0,0.7368421052631579,0.9473684210526315,0.55,0.85,1.0,0.7,0.6,0.8,0.8078947368421053,0.15134667876935798,17,0.847457627118644,0.864406779661017,0.8700564971751412,0.8418079096045198,0.8579545454545454,0.8465909090909091,0.8352272727272727,0.8636363636363636,0.8693181818181818,0.8579545454545454,0.8554410631741141,0.011414412906791453
14,4.104973578453064,0.48743834276670933,0.03600521087646484,0.02099459833728035,"{0: 1, 1: 10.172413793103448}","{'class_weight': {0: 1, 1: 10.172413793103448}}",0.85,0.4318181818181818,0.56,0.9473684210526315,1.0,0.85,1.0,0.875,1.0,0.9411764705882353,0.8455363073459049,0.18565978179023018,16,0.8064516129032258,0.8793103448275862,0.8324324324324325,0.8010752688172043,0.8074866310160428,0.8108108108108109,0.7945945945945946,0.7958115183246073,0.796875,0.8031914893617021,0.8128039703088206,0.02446424475758634,0.8947368421052632,1.0,0.7368421052631579,0.9473684210526315,0.55,0.85,1.0,0.7,0.65,0.8,0.8128947368421053,0.14509262491971872,15,0.847457627118644,0.864406779661017,0.8700564971751412,0.8418079096045198,0.8579545454545454,0.8522727272727273,0.8352272727272727,0.8636363636363636,0.8693181818181818,0.8579545454545454,0.8560092449922958,0.011096724919406156
15,5.087507677078247,1.0391839381066665,0.03800015449523926,0.01696814593557342,"{0: 1, 1: 10.827586206896552}","{'class_weight': {0: 1, 1: 10.827586206896552}}",0.85,0.4318181818181818,0.56,0.9473684210526315,1.0,0.85,1.0,0.875,1.0,0.9411764705882353,0.8455363073459049,0.18565978179023018,16,0.8064516129032258,0.8793103448275862,0.8324324324324325,0.7967914438502673,0.8031914893617021,0.8064516129032258,0.7945945945945946,0.7958115183246073,0.7979274611398963,0.798941798941799,0.8111904309279335,0.024991278628338456,0.8947368421052632,1.0,0.7368421052631579,0.9473684210526315,0.55,0.85,1.0,0.7,0.65,0.8,0.8128947368421053,0.14509262491971872,15,0.847457627118644,0.864406779661017,0.8700564971751412,0.8418079096045198,0.8579545454545454,0.8522727272727273,0.8352272727272727,0.8636363636363636,0.875,0.8579545454545454,0.8565774268104777,0.011881353920794507
16,4.54914710521698,0.4143147410874791,0.03630290031433105,0.0175840145262002,"{0: 1, 1: 11.482758620689655}","{'class_weight': {0: 1, 1: 11.482758620689655}}",0.8571428571428571,0.4318181818181818,0.56,0.9473684210526315,1.0,0.85,1.0,0.8823529411764706,1.0,0.9411764705882353,0.8469858871778376,0.18581621988269628,15,0.8074866310160428,0.8742857142857143,0.8279569892473119,0.7967914438502673,0.8042328042328042,0.8021390374331551,0.7914438502673797,0.7958115183246073,0.7989690721649485,0.7958115183246073,0.8094928579146838,0.02365800274350666,0.9473684210526315,1.0,0.7368421052631579,0.9473684210526315,0.55,0.85,1.0,0.75,0.65,0.8,0.8231578947368421,0.14562312379160625,14,0.8531073446327684,0.864406779661017,0.8700564971751412,0.8418079096045198,0.8636363636363636,0.8522727272727273,0.8409090909090909,0.8636363636363636,0.8806818181818182,0.8636363636363636,0.8594151258346173,0.011777832967070826
17,3.3832554817199707,0.314139405680982,0.01695384979248047,0.0012615221836130915,"{0: 1, 1: 12.137931034482758}","{'class_weight': {0: 1, 1: 12.137931034482758}}",0.8571428571428571,0.4318181818181818,0.5769230769230769,0.9473684210526315,1.0,0.8571428571428571,1.0,0.8823529411764706,1.0,0.9411764705882353,0.8493924805844311,0.18327189091699594,14,0.8031914893617021,0.875,0.8288770053475936,0.7947368421052632,0.8010471204188482,0.8021390374331551,0.7872340425531915,0.796875,0.7948717948717948,0.7958115183246073,0.8079783850416156,0.024662665504605878,0.9473684210526315,1.0,0.7894736842105263,0.9473684210526315,0.55,0.9,1.0,0.75,0.65,0.8,0.833421052631579,0.1448709904643312,12,0.8531073446327684,0.8700564971751412,0.8757062146892656,0.8531073446327684,0.8693181818181818,0.8522727272727273,0.8409090909090909,0.8693181818181818,0.8806818181818182,0.8636363636363636,0.8628113764766308,0.011843093585302368
18,5.08610725402832,1.37570159500983,0.03390965461730957,0.025053108041301682,"{0: 1, 1: 12.793103448275861}","{'class_weight': {0: 1, 1: 12.793103448275861}}",0.8571428571428571,0.41304347826086957,0.5769230769230769,0.9473684210526315,1.0,0.8571428571428571,1.0,0.8823529411764706,1.0,0.8888888888888888,0.8422862520587652,0.18562022989181418,18,0.8031914893617021,0.8700564971751412,0.8253968253968254,0.7947368421052632,0.8010471204188482,0.8021390374331551,0.7883597883597884,0.7927461139896373,0.7959183673469388,0.7958115183246073,0.8069403599911906,0.023102165351838524,0.9473684210526315,1.0,0.7894736842105263,0.9473684210526315,0.55,0.9,1.0,0.75,0.65,0.8,0.833421052631579,0.1448709904643312,12,0.8531073446327684,0.8700564971751412,0.8813559322033898,0.8531073446327684,0.8693181818181818,0.8522727272727273,0.8465909090909091,0.8693181818181818,0.8863636363636364,0.8636363636363636,0.8645127118644067,0.012530030480545146
19,3.2946977615356445,0.6681062739870608,0.01854860782623291,0.0015587505967890804,"{0: 1, 1: 13.448275862068964}","{'class_weight': {0: 1, 1: 13.448275862068964}}",0.8181818181818182,0.41304347826086957,0.5769230769230769,0.9473684210526315,1.0,0.8571428571428571,1.0,0.8823529411764706,1.0,0.8888888888888888,0.8383901481626612,0.18567638681671683,19,0.8031914893617021,0.8651685393258427,0.8253968253968254,0.7958115183246073,0.8010471204188482,0.798941798941799,0.7894736842105263,0.788659793814433,0.7878787878787878,0.7958115183246073,0.8051381075997979,0.02249833717685654,0.9473684210526315,1.0,0.7894736842105263,0.9473684210526315,0.6,0.9,1.0,0.75,0.65,0.8,0.8384210526315791,0.13556693310612491,4,0.8531073446327684,0.8700564971751412,0.8813559322033898,0.8587570621468926,0.8693181818181818,0.8579545454545454,0.8522727272727273,0.8693181818181818,0.8863636363636364,0.8636363636363636,0.8662140472521829,0.010797846319550889
20,2.8792062997817993,0.22027781042230596,0.019150948524475096,0.004881259028539308,"{0: 1, 1: 14.103448275862068}","{'class_weight': {0: 1, 1: 14.103448275862068}}",0.8181818181818182,0.41304347826086957,0.5769230769230769,0.9473684210526315,1.0,0.8571428571428571,1.0,0.8823529411764706,1.0,0.8888888888888888,0.8383901481626612,0.18567638681671683,19,0.8031914893617021,0.8603351955307262,0.8167539267015707,0.7958115183246073,0.7979274611398963,0.798941798941799,0.7853403141361257,0.788659793814433,0.7878787878787878,0.7958115183246073,0.8030651804154255,0.02090022628525785,0.9473684210526315,1.0,0.7894736842105263,0.9473684210526315,0.6,0.9,1.0,0.75,0.65,0.8,0.8384210526315791,0.13556693310612491,4,0.8531073446327684,0.8700564971751412,0.8813559322033898,0.8587570621468926,0.875,0.8579545454545454,0.8522727272727273,0.8693181818181818,0.8863636363636364,0.8636363636363636,0.8667822290703647,0.011091726014937032
21,2.9945940732955934,0.23041695184111194,0.019648027420043946,0.004307066099808675,"{0: 1, 1: 14.758620689655173}","{'class_weight': {0: 1, 1: 14.758620689655173}}",0.8181818181818182,0.40425531914893614,0.5769230769230769,0.9473684210526315,1.0,0.8571428571428571,1.0,0.8823529411764706,1.0,0.8421052631578947,0.8328329696783685,0.1869399163680067,21,0.7958115183246073,0.8555555555555555,0.8082901554404145,0.7916666666666666,0.7979274611398963,0.7947368421052632,0.78125,0.7846153846153846,0.7878787878787878,0.7958115183246073,0.7993543890051183,0.0200566159130889,0.9473684210526315,1.0,0.7894736842105263,0.9473684210526315,0.6,0.9,1.0,0.75,0.65,0.8,0.8384210526315791,0.13556693310612491,4,0.8587570621468926,0.8700564971751412,0.8813559322033898,0.8587570621468926,0.875,0.8579545454545454,0.8522727272727273,0.8693181818181818,0.8863636363636364,0.8636363636363636,0.8673472008217772,0.010509389938875357
22,2.9705618381500245,0.3696551879990619,0.02084028720855713,0.007166695523244495,"{0: 1, 1: 15.413793103448276}","{'class_weight': {0: 1, 1: 15.413793103448276}}",0.8181818181818182,0.3877551020408163,0.5769230769230769,0.9473684210526315,1.0,0.8571428571428571,1.0,0.8823529411764706,1.0,0.8421052631578947,0.8311829479675567,0.1907494700720749,22,0.7958115183246073,0.8461538461538461,0.8041237113402062,0.7875647668393783,0.7979274611398963,0.7916666666666666,0.78125,0.7846153846153846,0.7839195979899497,0.7958115183246073,0.7968844471394542,0.017777529851189626,0.9473684210526315,1.0,0.7894736842105263,0.9473684210526315,0.6,0.9,1.0,0.75,0.65,0.8,0.8384210526315791,0.13556693310612491,4,0.8587570621468926,0.8700564971751412,0.8813559322033898,0.8587570621468926,0.875,0.8636363636363636,0.8522727272727273,0.8693181818181818,0.8863636363636364,0.8636363636363636,0.867915382639959,0.010133078509797916
23,3.1168694257736207,0.3474271478708586,0.02274000644683838,0.00732500342426453,"{0: 1, 1: 16.06896551724138}","{'class_weight': {0: 1, 1: 16.06896551724138}}",0.782608695652174,0.38,0.5769230769230769,0.9473684210526315,1.0,0.8181818181818182,1.0,0.8823529411764706,1.0,0.8421052631578947,0.8229540216144067,0.19282110624503554,23,0.7916666666666666,0.8461538461538461,0.7918781725888325,0.7875647668393783,0.7897435897435897,0.7916666666666666,0.78125,0.7846153846153846,0.7839195979899497,0.796875,0.7945333691264315,0.017755598476379912,0.9473684210526315,1.0,0.7894736842105263,0.9473684210526315,0.6,0.9,1.0,0.75,0.65,0.8,0.8384210526315791,0.13556693310612491,4,0.8587570621468926,0.8700564971751412,0.8813559322033898,0.8587570621468926,0.875,0.8636363636363636,0.8522727272727273,0.8693181818181818,0.8863636363636364,0.8693181818181818,0.8684835644581408,0.01003604671657846
24,3.1032044649124146,0.4113683999241022,0.017653656005859376,0.0008964720353860445,"{0: 1, 1: 16.724137931034484}","{'class_weight': {0: 1, 1: 16.724137931034484}}",0.782608695652174,0.38,0.5555555555555556,0.9473684210526315,0.9230769230769231,0.8181818181818182,1.0,0.8333333333333334,1.0,0.8,0.8040124746852436,0.18830868660176325,24,0.7916666666666666,0.8279569892473119,0.7839195979899497,0.7875647668393783,0.7897435897435897,0.7916666666666666,0.7731958762886598,0.7846153846153846,0.7839195979899497,0.7927461139896373,0.7906995250037194,0.013565573038143259,0.9473684210526315,1.0,0.7894736842105263,0.9473684210526315,0.6,0.9,1.0,0.75,0.65,0.8,0.8384210526315791,0.13556693310612491,4,0.8587570621468926,0.8700564971751412,0.8813559322033898,0.8587570621468926,0.875,0.8636363636363636,0.8522727272727273,0.8693181818181818,0.8863636363636364,0.8693181818181818,0.8684835644581408,0.01003604671657846
25,2.838514280319214,0.5315345230919488,0.01984868049621582,0.0037956718733510517,"{0: 1, 1: 17.379310344827587}","{'class_weight': {0: 1, 1: 17.379310344827587}}",0.782608695652174,0.38,0.5555555555555556,0.9473684210526315,0.9230769230769231,0.8181818181818182,1.0,0.7894736842105263,1.0,0.8,0.7996265097729628,0.18808532938304887,25,0.7916666666666666,0.8279569892473119,0.7722772277227723,0.7846153846153846,0.7897435897435897,0.7916666666666666,0.7692307692307693,0.7806122448979592,0.7839195979899497,0.7897435897435897,0.788143272652466,0.0152036135096906,0.9473684210526315,1.0,0.7894736842105263,0.9473684210526315,0.6,0.9,1.0,0.75,0.65,0.8,0.8384210526315791,0.13556693310612491,4,0.8587570621468926,0.8700564971751412,0.8813559322033898,0.864406779661017,0.875,0.8636363636363636,0.8522727272727273,0.8693181818181818,0.8863636363636364,0.875,0.869616718027735,0.009788588457767956
26,3.048553538322449,0.41879944733605434,0.01745295524597168,0.00128098133153492,"{0: 1, 1: 18.03448275862069}","{'class_weight': {0: 1, 1: 18.03448275862069}}",0.782608695652174,0.36538461538461536,0.5357142857142857,0.9473684210526315,0.9230769230769231,0.8181818181818182,1.0,0.7894736842105263,1.0,0.8,0.7961808443272973,0.19395897288870378,26,0.7916666666666666,0.8191489361702128,0.7647058823529411,0.7727272727272727,0.7777777777777778,0.7916666666666666,0.7653061224489796,0.7766497461928934,0.785,0.7857142857142857,0.7830363356717697,0.015130090052066444,0.9473684210526315,1.0,0.7894736842105263,0.9473684210526315,0.6,0.9,1.0,0.75,0.65,0.8,0.8384210526315791,0.13556693310612491,4,0.8587570621468926,0.8700564971751412,0.8813559322033898,0.864406779661017,0.875,0.8636363636363636,0.8522727272727273,0.8693181818181818,0.8920454545454546,0.875,0.8701848998459167,0.010851383700718982
27,3.181298112869263,0.3860379455145752,0.018652963638305663,0.004240244968806363,"{0: 1, 1: 18.689655172413794}","{'class_weight': {0: 1, 1: 18.689655172413794}}",0.782608695652174,0.34545454545454546,0.5357142857142857,0.9473684210526315,0.8666666666666667,0.8181818181818182,1.0,0.7894736842105263,1.0,0.8,0.7885468116932648,0.1954616302681818,27,0.7916666666666666,0.8105263157894737,0.7609756097560976,0.7727272727272727,0.7623762376237624,0.7938144329896907,0.7626262626262627,0.7727272727272727,0.7821782178217822,0.7817258883248731,0.7791344177053154,0.015294420291929015,0.9473684210526315,1.0,0.7894736842105263,0.9473684210526315,0.65,0.9,1.0,0.75,0.65,0.8,0.843421052631579,0.12735455557413233,1,0.8587570621468926,0.8700564971751412,0.8813559322033898,0.864406779661017,0.875,0.875,0.8579545454545454,0.8693181818181818,0.8977272727272727,0.875,0.8724576271186439,0.011025463015480654
28,3.12624831199646,0.18212578046744135,0.019646191596984865,0.004038282487729354,"{0: 1, 1: 19.344827586206897}","{'class_weight': {0: 1, 1: 19.344827586206897}}",0.782608695652174,0.34545454545454546,0.5357142857142857,0.9473684210526315,0.8666666666666667,0.8181818181818182,1.0,0.75,1.0,0.8,0.7845994432722121,0.1958013456275241,28,0.7835051546391752,0.7938144329896907,0.7572815533980582,0.7688442211055276,0.7549019607843137,0.7938144329896907,0.7475247524752475,0.7611940298507462,0.7821782178217822,0.7817258883248731,0.7724784644379105,0.015857958835352872,0.9473684210526315,1.0,0.7894736842105263,0.9473684210526315,0.65,0.9,1.0,0.75,0.65,0.8,0.843421052631579,0.12735455557413233,1,0.8587570621468926,0.8700564971751412,0.8813559322033898,0.864406779661017,0.875,0.875,0.8579545454545454,0.8693181818181818,0.8977272727272727,0.875,0.8724576271186439,0.011025463015480654
29,3.067599868774414,0.3906841213881703,0.019247555732727052,0.005223601029235718,"{0: 1, 1: 20.0}","{'class_weight': {0: 1, 1: 20.0}}",0.782608695652174,0.3392857142857143,0.5357142857142857,0.9473684210526315,0.8666666666666667,0.8181818181818182,1.0,0.7142857142857143,1.0,0.8,0.7804111315839004,0.19809321666864765,30,0.7857142857142857,0.7857142857142857,0.7572815533980582,0.7688442211055276,0.751219512195122,0.7897435897435897,0.7438423645320197,0.7574257425742574,0.7821782178217822,0.7817258883248731,0.7703689661123801,0.015894232436572762,0.9473684210526315,1.0,0.7894736842105263,0.9473684210526315,0.65,0.9,1.0,0.75,0.65,0.8,0.843421052631579,0.12735455557413233,1,0.8700564971751412,0.8700564971751412,0.8813559322033898,0.864406779661017,0.875,0.875,0.8579545454545454,0.8693181818181818,0.8977272727272727,0.875,0.8735875706214689,0.010103962432243898
